id,name,author,isbn,owner,language,available,offered,neutral_description
book-01,,,,P1,en,true,true,
book-02,,,,P1,en,true,true,
book-03,,,,P1,en,true,true,
book-04,,,,P1,en,true,true,
book-05,,,,P2,en,true,true,
book-06,,,,P2,en,true,true,
book-07,,,,P2,en,true,true,
book-08,,,,P2,en,true,true,
book-09,,,,P3,en,true,true,
book-10,,,,P3,en,true,true,
book-11,,,,P3,en,true,true,
book-12,,,,P3,en,true,true,
book-13,,,,P4,en,true,true,
book-14,,,,P4,en,true,true,
book-15,,,,P4,en,true,true,
book-16,,,,P4,en,true,true,
